x,y,z,yaw
278.0,-162.0,0,161.30060879
275.9941191893576,-161.32107055892777,0,160.966552939
274.01304610745314,-160.6376385454961,0,160.627650734
272.05663477932103,-159.94973842438273,0,160.28383436
270.1247392299954,-159.2574046602652,0,159.935036034
268.21721348451075,-158.5606717178212,0,159.581188087
266.3339115679012,-157.8595740617284,0,159.22222305
264.47468750520125,-157.1541461566644,0,158.85807375
262.6393953214449,-156.4444224673068,0,158.488673403
260.8278890416667,-155.73043745833334,0,158.113955723
259.04002269090074,-155.01222559442158,0,157.733855033
257.27565029418156,-154.2898213402492,0,157.348306377
255.53462587654323,-153.56325916049383,0,156.957245652
253.81680346302014,-152.83257351983312,0,156.560609736
252.12203707864657,-152.09779888294466,0,156.158336623
250.4501807484568,-151.35896971450617,0,155.750365576
248.80108849748515,-150.61612047919525,0,155.336637274
247.17461435076592,-149.86928564168952,0,154.917093975
245.57061233333332,-149.11849966666665,0,154.491679684
243.98893647022174,-148.3637970188043,0,154.060340329
242.42944078646545,-147.60521216278005,0,153.623023944
240.89197930709878,-146.8427795632716,0,153.17968086
239.37640605715595,-146.0765336849566,0,152.730263907
237.88257506167122,-145.30650899251256,0,152.274728615
236.41034034567897,-144.53273995061724,0,151.813033431
234.95955593421354,-143.75526102394832,0,151.345139938
233.53007585230912,-142.97410667718336,0,150.871013086
232.12175412500002,-142.189311375,0,150.390621424
230.73444477732056,-141.40090958207594,0,149.903937338
229.368001834305,-140.6089357630887,0,149.410937304
228.0222793209877,-139.81342438271608,0,148.911602134
226.69713126240282,-139.01440990563557,0,148.405917235
225.39241168358484,-138.21192679652492,0,147.893872869
224.10797460956786,-137.40600952006173,0,147.375464415
222.8436740653864,-136.59669254092367,0,146.85069264
221.59936407607452,-135.7840103237883,0,146.319563959
220.37489866666667,-134.96799733333333,0,145.782090711
219.17013186219708,-134.14868803423641,0,145.238291421
217.98491768770006,-133.3261168911751,0,144.688191068
216.81911016820985,-132.5003183688271,0,144.131821347
215.67256332876084,-131.6713269318701,0,143.569220925
214.5451311943873,-130.83917704498177,0,143.000435698
213.43666779012344,-130.00390317283953,0,142.42551903
212.34702714100365,-129.16553978012115,0,141.844531992
211.2760632720622,-128.32412133150436,0,141.257543586
210.22363020833336,-127.4796822916667,0,140.664630955
209.1895819748514,-126.6322571252858,0,140.065879583
208.17377259665065,-125.78188029703932,0,139.461383478
207.17605609876543,-124.92858627160493,0,138.851245331
206.19628650623005,-124.07240951366029,0,138.235576664
205.23431784407862,-123.21338448788293,0,137.614497952
204.29000413734565,-122.35154565895061,0,136.98813872
203.36319941106544,-121.48692749154091,0,136.356637617
202.45375769027208,-120.61956445033152,0,135.720142464
201.561533,-119.74949099999998,0,135.078810273
200.68637936528347,-118.87674160522405,0,134.432807231
199.82815081115683,-118.00135073068128,0,133.78230866
198.98670136265434,-117.12335284104938,0,133.127498944
198.16188504481025,-116.24278240100597,0,132.468571412
197.35355588265887,-115.3596738752286,0,131.805728201
196.56156790123458,-114.47406172839507,0,131.139180074
195.78577512557155,-113.5859804251829,0,130.469146207
195.02603158070414,-112.69546443026977,0,129.795853934
194.2821912916667,-111.80254820833335,0,129.119538469
193.55410828349338,-110.90726622405123,0,128.440442576
192.84163658121852,-110.00965294210107,0,127.758816221
192.1446302098765,-109.10974282716046,0,127.074916177
191.4629431945016,-108.20757034390718,0,126.389005605
190.79642956012805,-107.30316995701875,0,125.701353601
190.14494333179013,-106.39657613117285,0,125.01223471
189.50833853452218,-105.48782333104711,0,124.321928425
188.88646919335847,-104.57694602131917,0,123.630718644
188.27918933333333,-103.66397866666668,0,122.938893121
187.68635297948103,-102.74895573176727,0,122.246742886
187.10781415683584,-101.83191168129855,0,121.554561657
186.54342689043216,-100.91288097993828,0,120.862645228
185.99304520530404,-99.99189809236398,0,120.171290862
185.45652312648602,-99.06899748325324,0,119.480796663
184.9337146790123,-98.14421361728395,0,118.79146095
184.42447388791726,-97.21758095913356,0,118.103581638
183.92865477823503,-96.28913397347964,0,117.417455607
183.4461113749999,-95.35890712499994,0,116.733378095
182.97669770324651,-94.42693487837224,0,116.051642094
182.52026778800874,-93.49325169827392,0,115.372537752
182.07667565432098,-92.5578920493827,0,114.696351808
181.64577532721765,-91.6208903963763,0,114.023367034
181.22742083173296,-90.68228120393229,0,113.353861706
180.82146619290125,-89.74209893672841,0,112.688109097
180.42776543575673,-88.80037805944215,0,112.026376996
180.04617258533378,-87.85715303675124,0,111.368927267
179.67654166666665,-86.91245833333335,0,110.71601542
179.3187267047897,-85.96632841386608,0,110.067890237
178.9725817247371,-85.01879774302697,0,109.424793413
178.63796075154318,-84.06990078549379,0,108.786959245
178.31471781024237,-83.11967200594421,0,108.154614348
178.0027069258688,-82.16814586905582,0,107.527977415
177.70178212345678,-81.2153568395062,0,106.907259002
177.4117974280407,-80.26133938197302,0,106.292661361
177.13260686465483,-79.306127961134,0,105.6843783
176.86406445833336,-78.34975704166669,0,105.08259508
176.60602423411063,-77.39226108824872,0,104.48748835
176.35834021702107,-76.43367456555791,0,103.899226106
176.12086643209875,-75.47403193827162,0,103.317967691
175.89345690437816,-74.5133676710677,0,102.74386382
175.67596565889346,-73.55171622862369,0,102.177056634
175.468246720679,-72.58911207561727,0,101.617679782
175.27015411476916,-71.62558967672618,0,101.065858533
175.081541866198,-70.66118349662779,0,100.521709901
174.90226399999997,-69.69592799999998,0,99.9853428009
174.73217454120945,-68.72985765152038,0,99.456858225
174.5711275148606,-67.76300691586653,0,98.9363494296
174.41897694598768,-66.79541025771607,0,98.423902146
174.27557685962503,-65.82710214174668,0,97.9195948025
174.140781280807,-64.85811703263604,0,97.4234987599
174.01444423456792,-63.888489395061754,0,96.9356785581
173.89641974594196,-62.91825369370147,0,96.4561921721
173.7865618399634,-61.94744439323276,0,95.9850912763
173.6847245416667,-60.97609595833339,0,95.5224215144
173.5907618760859,-60.00424285368081,0,95.0682227745
173.50452786825556,-59.03191954395285,0,94.622529468
173.42587654320988,-58.059160493827164,0,94.1853708105
173.35466192598312,-57.08600016798127,0,93.7567711033
173.29073804160947,-56.112473031092804,0,93.3367500156
173.23395891512342,-55.13861354783947,0,92.9253228652
173.1841785715592,-54.16445618289893,0,92.5225008975
173.14125103595111,-53.19003540094883,0,92.1282915613
173.10503033333333,-52.21538566666666,0,91.7426987814
173.07537048874025,-51.24054144473021,0,91.3657232267
173.05212552720624,-50.26553719981712,0,90.997362574
173.03514947376544,-49.290407396604905,0,90.6376117662
173.02429635345223,-48.31518649977136,0,90.2864632642
173.01942019130087,-47.339908973994056,0,89.9439072942
173.02037501234565,-46.364609283950614,0,89.609932087
173.0270148416209,-45.38932189431867,0,89.2845241119
173.03919370416094,-44.41408126977595,0,88.9676683028
173.056765625,-43.43892187499998,0,88.6593482787
173.0795846291724,-42.46387817466854,0,88.3595465554
173.10750474171238,-41.48898463345904,0,88.068244752
173.14037998765434,-40.51427571604938,0,87.785423789
173.17806439203247,-39.539785887117034,0,87.5110640798
173.2204119798811,-38.56554961133972,0,87.2451457157
173.26727677623455,-37.59160135339508,0,86.9876486434
173.31851280612713,-36.61797557796069,0,86.7385528358
173.37397409459305,-35.6447067497142,0,86.4978384568
173.4335146666667,-34.67182933333336,0,86.2654860189
173.49698854738227,-33.69937779349567,0,86.041476535
173.56424976177414,-32.72738659487885,0,85.8257916635
173.63515233487655,-31.755890202160515,0,85.6184138487
173.70955029172384,-30.784923080018302,0,85.419326454
173.78729765735025,-29.814519693129853,0,85.2285138903
173.86824845679016,-28.844714506172863,0,85.0459617395
173.95225671507768,-27.87554198382486,0,84.871656872
174.03917645724735,-26.907036590763596,0,84.7055875599
174.12886170833335,-25.939232791666655,0,84.5477435855
174.22116649336994,-24.972165051211732,0,84.3981163449
174.3159448373914,-24.005867834076355,0,84.2566989478
174.41305076543208,-23.040375604938276,0,84.123486313
174.5123383025263,-22.07572282847508,0,83.9984752599
174.6136614737083,-21.11194396936446,0,83.8816645963
174.71687430401235,-20.149073492283947,0,83.7730552028
174.82183081847282,-19.18714586191129,0,83.6726501138
174.92838504212392,-18.226195542924074,0,83.5804545949
175.03639099999998,-17.266256999999996,0,83.4964762174
175.14570271713535,-16.307364697816638,0,83.4207249301
175.25617421856424,-15.34955310105164,0,83.3532131277
175.367659529321,-14.392856674382756,0,83.2939557166
175.48001267443985,-13.437309882487398,0,83.2429701783
175.5930876789552,-12.482947190043433,0,83.2002766296
175.7067385679012,-11.529803061728387,0,83.1658978808
175.8208193663123,-10.577911962219957,0,83.1398594908
175.93518409922268,-9.627308356195726,0,83.1221898201
176.04968679166666,-8.678026708333277,0,83.1129200806
176.16418146867858,-7.730101483310477,0,83.1120843842
176.27852215529265,-6.7835671458047955,0,83.1197197868
176.39256287654322,-5.838458160493815,0,83.1358663314
176.50615765746457,-4.894808992055346,0,83.1605670873
176.61916052309104,-3.952654105166914,0,83.1938681871
176.7314254984568,-3.012027964506217,0,83.2358188601
176.84280660859622,-2.07296503475078,0,83.2864714627
176.95315787854366,-1.1354997805784137,0,83.3458815055
177.06233333333336,-0.19966666666675792,0,83.4141076769
177.17018699799956,0.734499842306775,0,83.4912118622
177.27657289757656,1.6669652816643747,0,83.5772591591
177.38134505709877,2.5976951867284015,0,83.6723178887
177.48435750160039,3.5266550928211586,0,83.7764596008
177.5854642561157,4.453810535265177,0,83.889759075
177.68451934567898,5.379127049382703,0,84.0122943154
177.78137679532466,6.302570170496097,0,84.1441465395
177.87589063008687,7.224105433927718,0,84.2854001596
177.96791487500002,8.143698375000042,0,84.4361427579
178.05730355509831,9.0613145290352,0,84.5964650528
178.1439106954161,9.976919431355725,0,84.7664608571
178.22759032098764,10.890478617283918,0,84.9462270267
178.3081964568473,11.801957622142197,0,85.135863399
178.38558312802928,12.711321981252865,0,85.3354727209
178.45960435956792,13.618537229938283,0,85.5451605639
178.5301141764975,14.523568903520811,0,85.7650352278
178.5969666038523,15.426382537322809,0,85.9952076295
178.6600156666667,16.326943666666693,0,86.2357911775
178.7191153899749,17.22521782687471,0,86.4869016303
178.77411979881114,18.12117055326928,0,86.7486569378
178.82488291820988,19.014767381172817,0,87.021177064
178.87125877320534,19.905973845907624,0,87.3045837909
178.91310138883173,20.794755482796006,0,87.5990005003
178.95026479012344,21.681077827160493,0,87.9045519345
178.9826030021148,22.564906414323275,0,88.2213639326
179.00997004983995,23.44620677960677,0,88.5495631416
179.03221995833334,24.324944458333334,0,88.8892767019
179.0492067526292,25.201084985825332,0,89.2406319032
179.0607844577618,26.074593897405066,0,89.6037558129
179.06680709876545,26.945436728395066,0,89.9787748719
179.0671287006744,27.813579014117465,0,90.3658144592
179.0616032885231,28.678986289894794,0,90.7649984226
179.05008488734566,29.541624091049414,0,91.1764485744
179.03242752217648,30.40145795290357,0,91.6002841512
179.00848521804983,31.258453410779623,0,92.0366212372
178.978112,32.11257599999999,0,92.4855721486
178.94116189306123,32.963791255887145,0,92.9472447806
178.89748892226797,33.81206471376311,0,93.4217419149
178.84694711265433,34.657361908950634,0,93.9091604882
178.78939048925469,35.4996483767718,0,94.4095908217
178.72467307710338,36.33888965254914,0,94.9231158132
178.65264890123456,37.17505127160496,0,95.4498100905
178.5731719866826,38.00809876926155,0,95.9897391299
178.48609635848194,38.83799768084134,0,96.5429583404
178.39127604166666,39.664713541666686,0,97.1095121163
178.28856506127113,40.48821188705995,0,97.6894328618
178.17781744232965,41.308458252343485,0,98.2827399906
178.0588872098766,42.12541817283943,0,98.8894389056
177.93162838894605,42.939057183870545,0,99.5095199638
177.79589500457246,43.749340820759016,0,100.142957432
177.6515410817901,44.556234618827204,0,100.78970844
177.4984206456333,45.3597041133973,0,101.44971194
177.33638772113625,46.159714839791945,0,102.12288768
177.16529633333334,46.95623233333322,0,102.809135198
176.98500050725875,47.74922212934388,0,103.508332848
176.79535426794695,48.538649763145884,0,104.220336879
176.5962116404321,49.32448077006177,0,104.94498055
176.3874266497485,50.106680685413835,0,105.68207333
176.16885332093045,50.8852150445245,0,106.431400166
175.94034567901235,51.66004938271607,0,107.19272084
175.70175774902836,52.4311492353109,0,107.965769437
175.45294355601283,53.19848013763146,0,108.75025392
175.193757125,53.96200762500001,0,109.545855835
174.9240524810242,54.721697232738904,0,110.352230158
174.6436836491198,55.477514496170556,0,111.169005286
174.35250465432097,56.22942495061727,0,111.99578319
174.05036952166208,56.97739413140147,0,112.832139736
173.73713227617742,57.72138757384545,0,113.677625174
173.41264694290123,58.46137081327157,0,114.531764816
173.07676754686787,59.19730938500231,0,115.39405989
172.72934811311154,59.92916882435986,0,116.263988576
172.37024266666668,60.656914666666694,0,117.141007233
171.99930523256742,61.38051244724511,0,118.024551791
171.61638983584817,62.09992770141747,0,118.914039326
171.2213505015432,62.815125964506194,0,119.808869796
170.8140412546868,63.52607277183358,0,120.708427921
170.39431612031322,64.232733658722,0,121.608929794
169.96207397530864,64.93508793827164,0,122.490488084
169.51749049062647,65.63319995033146,0,123.345706874
169.0608468221308,66.32716643804298,0,124.174704023
168.59242433333333,67.01708420833336,0,124.977658195
168.11250438774576,67.70305006812993,0,125.754788648
167.62136834887974,68.38516082435984,0,126.506349917
167.11929758024692,69.06351328395061,0,127.232626785
166.60657344535895,69.73820425382945,0,127.933929572
166.08347730772743,70.40933054092363,0,128.610589746
165.5502905308642,71.07698895216049,0,129.262955871
165.00729447828076,71.7412762944673,0,129.891389864
164.4547705134888,72.40228937477139,0,130.496263582
163.89299999999997,73.06012500000008,0,131.077955715
163.32226430132604,73.71487997708039,0,131.636848967
162.74284478097857,74.36665111294008,0,132.173327519
162.15502280246912,75.0155352145062,0,132.68777476
161.55907972930953,75.66162908870604,0,133.180571252
160.95529692501148,76.3050295424668,0,133.652092929
160.34395575308648,76.9458333827161,0,134.102709509
159.7253375770462,77.58413741638088,0,134.532783088
159.09972376040236,78.22003845038864,0,134.942666918
158.46739566666668,78.85363329166665,0,135.332704341
157.82863465935068,79.48501874714225,0,135.703227867
157.18372210196614,80.11429162374264,0,136.054558378
156.5329393580247,80.74154872839506,0,136.387004451
155.87656779103793,81.36688686802694,0,136.700861784
155.2148887645176,81.99040284956561,0,136.996412707
154.54818364197533,82.6121934799383,0,137.273925781
153.87673378692273,83.23235556607221,0,137.533655458
153.20082056287157,83.85098591489475,0,137.775841809
152.52072533333336,84.46818133333329,0,138.000710302
151.83672946181986,85.08403862831506,0,138.208471621
151.14911431184274,85.69865460676715,0,138.399321532
150.4581612469136,86.31212607561724,0,138.573440771
149.76415163054415,86.92454984179238,0,138.730994966
149.06736682624603,87.5360227122199,0,138.872134577
148.36808819753088,88.14664149382708,0,138.996994859
147.66659710791035,88.7565029935414,0,139.105695827
146.9631749208962,89.36570401828993,0,139.19834225
146.258103,89.974341375,0,139.275023634
145.55166270873343,90.58251187059892,0,139.335814222
144.8441354106082,91.19031231201416,0,139.380772997
144.1358024691358,91.7978395061728,0,139.409943679
143.42694524782806,92.40519026000231,0,139.423354733
142.71784511019663,93.01246138042978,0,139.421019368
142.0087834197531,93.61974967438272,0,139.40293554
141.30004154000915,94.22715194878828,0,139.369085955
140.5919008344764,94.8347650105739,0,139.319438063
139.88464266666665,95.44268566666665,0,139.253944061
139.17854840009147,96.05101072399412,0,139.172540891
138.47389939826246,96.65983698948338,0,139.075150238
137.77097702469132,97.26926127006175,0,138.961678532
137.07006264288987,97.87938037265661,0,138.832016955
136.37143761636946,98.49029110419525,0,138.686041453
135.67538330864198,99.10209027160488,0,138.523612755
134.98218108321902,99.71487468181306,0,138.344576406
134.29211230361227,100.32874114174666,0,138.148762816
133.60545833333333,100.9437864583333,0,137.935987322
132.9225005358939,101.56010743850027,0,137.70605028
132.24352027480575,102.1778008891747,0,137.458737182
131.56879891358028,102.79696361728395,0,137.193818809
130.89861781572932,103.41769242975539,0,136.911051415
130.23325834476458,104.04008413351619,0,136.610176977
129.57300186419747,104.6642355354939,0,136.290923475
128.91812973754003,105.2902434426154,0,135.953005259
128.26892332830363,105.91820466180843,0,135.596123472
127.62566399999997,106.54821600000002,0,135.219966563
126.98863311614082,107.18037426411752,0,134.824210891
126.3581120402377,107.8147762610883,0,134.408521438
125.73438213580243,108.45151879783958,0,133.972552639
125.11772476634656,109.09069868129859,0,133.515949344
124.50842129538177,109.73241271839282,0,133.03834793
123.90675308641983,110.37675771604938,0,132.539377572
123.3130015029721,111.02383048119572,0,132.0186617
122.72744790855052,111.67372782075898,0,131.475819648
122.15037366666672,112.32654654166669,0,130.910468517
121.58206014083225,112.98238345084593,0,130.322225274
121.02278869455876,113.64133535522399,0,129.710709096
120.47284069135799,114.30349906172847,0,129.075543981
119.93249749474171,114.96897137728621,0,128.416361645
119.40204046822123,115.63784910882487,0,127.732804711
118.88175097530865,116.31022906327155,0,127.024530214
118.37191037951538,116.9862080475537,0,126.291213418
117.87280004435303,117.66588286859849,0,125.532551961
117.38470133333328,118.34935033333335,0,124.74827033
116.90789560996797,119.03670724868545,0,123.938124651
116.44266423776867,119.72805042158211,0,123.101907787
115.98928858024692,120.42347665895062,0,122.239454735
115.54805000091454,121.12308276771836,0,121.350648275
115.11922986328301,121.82696555481255,0,120.435424841
114.7031095308642,122.53522182716046,0,119.493780562
114.29997036716964,123.24794839168948,0,118.525777409
113.91009373571103,123.965242055327,0,117.531549371
113.53376099999997,124.687199625,0,116.511308565
113.17125352354822,125.413917907636,0,115.465351185
112.82285266986742,126.14549371016227,0,114.394063161
112.48883980246916,126.88202383950613,0,113.297925415
112.16949628486515,127.62360510259487,0,112.177518555
111.86510348056697,128.37033430635574,0,111.033526887
111.57594275308645,129.12230825771604,0,109.866741576
111.30229546593506,129.8796237636031,0,108.67806282
111.04444298262467,130.64237763094422,0,107.468500889
110.80266666666665,131.4106666666666,0,106.239175913
110.57724788157293,132.18458767769772,0,104.991316292
110.36846799085504,132.9642374709648,0,103.726255646
110.17660835802474,133.74971285339507,0,102.445428258
110.0019503465935,134.54111063191579,0,101.150362965
109.84477532007315,135.33852761345452,0,99.8426755393
109.70536464197534,136.14206060493825,0,98.5240595904
109.58399967581158,136.95180641329443,0,97.196276112
109.48096178509377,137.7678618454504,0,95.8611418021
109.39653233333331,138.59032370833336,0,94.5205163449
109.33099268404209,139.4192888088706,0,93.1762888712
109.28462420073157,140.25485395398948,0,91.8303638426
109.25770824691358,141.0971159506172,0,90.4846466261
109.2505261860997,141.9461716056813,0,89.1410290366
109.26335938180154,142.8021177261088,0,87.8013751246
109.29648919753083,143.66505111882714,0,86.4675074798
109.35019699679924,144.53506859076361,0,85.1411943009
109.42476414311847,145.41226694884546,0,83.8241374564
109.52047200000004,146.296743,0,82.5179617287
109.63760193095561,147.18859355115455,0,81.2242053912
109.77643529949705,148.08791540923636,0,79.9443122323
109.93725346913578,148.99480538117285,0,78.6796250901
110.12033780338362,149.90936027389114,0,77.4313809264
110.32596966575215,150.83167689431872,0,76.2007074224
110.55443041975309,151.76185204938264,0,74.9886210479
110.80600142889801,152.69998254601052,0,73.7961580626
111.08096140466392,153.64616417146777,0,72.6352168784
111.37935800000008,154.60040387499993,0,71.5244514342
111.7008317805213,155.56255208779152,0,70.4635998537
112.04498187379971,156.53244330881353,0,69.4503910823
112.41140740740741,157.509912037037,0,68.482614271
112.7997075089163,158.49479277143342,0,67.5581291692
113.20948130589846,159.48692001097396,0,66.674873518
113.64032792592587,160.4861282546297,0,65.8308679703
114.09184649657067,161.4922520013718,0,65.0242189994
114.56363614540464,162.50512575017143,0,64.25312019
115.05529599999994,163.524584,0,63.5158522476
115.56642518792864,164.55046124982846,0,62.8107820096
116.09662283676272,165.58259199862823,0,62.1363606911
116.64548807407402,166.6208107453703,0,61.4911215599
117.21262002743481,167.66495198902606,0,60.8736772008
117.79761782441699,168.71485022856655,0,60.2827164947
118.40008059259264,169.7703399629629,0,59.7170014188
119.01960745953357,170.83125569118653,0,59.1753637476
119.65579755281203,171.8974319122085,0,58.6567017212
120.30824999999993,172.96870312500005,0,58.1599767297
120.97656392866935,174.0449038285322,0,57.6842100528
121.66033846639232,175.12586852177645,0,57.2284796827
122.35917274074075,176.21143170370362,0,56.7919172524
123.07266587928672,177.30142787328532,0,56.373705082
123.8004170096022,178.3956915294924,0,55.973073355
124.54202525925922,179.49405717129628,0,55.5892974285
125.29708975582992,180.59635929766796,0,55.2216952816
126.06520962688614,181.7024324075789,0,54.8696251008
126.84598399999999,182.81211099999996,0,54.5324830017
127.63901200274347,183.92522957390264,0,54.2097008845
128.44389276268856,185.04162262825793,0,53.9007444183
129.26022540740735,186.16112466203708,0,53.605111151
130.0876090644718,187.2835701742112,0,53.3223287388
130.92564286145404,188.40879366375174,0,53.0519532904
131.77392592592594,189.53662962962966,0,52.7935678212
132.63205738545958,190.66691257081612,0,52.5467808102
133.49963636762686,191.7994769862825,0,52.311224857
134.376262,192.93415737499993,0,52.0865554306
135.26153341015083,194.07078823593963,0,51.8724497083
136.15504972565162,195.2092040680726,0,51.6686054963
137.056410074074,196.3492393703703,0,51.4747402309
137.96521358299043,197.49072864180374,0,51.2905900536
138.88105937997256,198.63350638134432,0,51.1159089567
139.80354659259257,199.777407087963,0,50.9504679961
140.7322743484225,200.92226526063098,0,50.7940545672
141.66684177503427,202.0679153983196,0,50.6464717409
142.60684799999999,203.21419199999997,0,50.5075376567
143.55189215089158,204.3609295646433,0,50.37708497
144.5015733552812,205.50796259122086,0,50.2549603515
145.45549074074074,206.65512557870363,0,50.1410240356
146.41324343484223,207.80225302606306,0,50.0351494174
147.3744305651577,208.94917943227028,0,49.9372226945
148.33865125925925,210.09573929629636,0,49.8471425537
149.30550464471878,211.24176711711243,0,49.7648199007
150.27458984910834,212.38709739369,0,49.6901776315
151.24550599999992,213.53156462500004,0,49.6231504446
152.21785222496567,214.67500331001372,0,49.5636846945
153.1912276515775,215.8172479477023,0,49.5117382841
154.16523140740742,216.958133037037,0,49.4672805975
155.1394626200274,218.097493076989,0,49.4302924721
156.1135204170096,219.23516256652954,0,49.4007662115
157.0870039259259,220.37097600462965,0,49.3787056377
158.0595122743484,221.5047678902606,0,49.3641261853
159.03064458984912,222.63637272239373,0,49.3570550376
160.0,223.765625,0,49.357531306
160.9671776323731,224.8923592220508,0,49.3656062544
161.93177661454044,226.01640988751717,0,49.3813435696
162.8933960740741,227.1376114953705,0,49.4048196815
163.85163513854593,228.2557985445817,0,49.4361241334
164.8060929355281,229.37080553412204,0,49.4753600069
165.75636859259254,230.48246696296292,0,49.5226444039
166.7020612373114,231.59061733007536,0,49.5781089891
167.6427699972565,232.69509113443075,0,49.6419005974
168.57809399999996,233.7957228749999,0,49.7141819112
169.50763237311384,234.89234705075444,0,49.7951322113
170.4309842441701,235.98479816066526,0,49.8849482093
171.3477487407407,237.07291070370377,0,49.9838449657
172.2575249903978,238.15651917884077,0,50.0920569025
173.15991212071327,239.23545808504798,0,50.2098389174
174.05450925925928,240.30956192129622,0,50.3374676091
174.94091553360767,241.37866518655687,0,50.4752426223
175.81873007133058,242.44260237980097,0,50.6234881254
176.68755199999993,243.5012079999999,0,50.7825544314
177.54698044718793,244.55431654612482,0,50.9528197761
178.39661454046637,245.60176251714677,0,51.1346922688
179.23605340740738,246.643380412037,0,51.3286120323
180.06489617558302,247.6790047297668,0,51.5350535503
180.8827419725652,248.70846996930732,0,51.7545282431
181.68918992592586,249.7316106296297,0,51.9875872948
182.48383916323726,250.7482612097051,0,52.2348247562
183.26628881207137,251.7582562085048,0,52.4968809525
184.036138,252.76143012499995,0,52.7744462265
184.79298585459532,253.75761745816192,0,53.0682650503
185.5364315034293,254.74665270696164,0,53.3791405457
186.26607407407408,255.7283703703705,0,53.7079394507
186.9815126941015,256.7026049473594,0,54.0555975817
187.68234649108365,257.6691909368999,0,54.4231258368
188.36817459259257,258.62796283796297,0,54.8116167962
189.0385961262003,259.5787551495199,0,55.2222519763
189.69321021947871,260.52140237054186,0,55.6563097985
190.33161600000003,261.455739,0,56.1151743381
190.95341259533603,262.38159953686545,0,56.6003449209
191.55819913305896,263.29881848010973,0,57.1134466345
192.14557474074076,264.20723032870364,0,57.6562418234
192.71513854595335,265.1066695816186,0,58.2306426291
193.26648967626886,265.9969707378258,0,58.8387246317
193.79922725925925,266.87796829629633,0,59.4827416305
194.31295042249658,267.74949675600135,0,60.1651415807
194.80725829355282,268.6113906159122,0,60.8885836661
195.28175000000002,269.463484375,0,61.6559564356
195.73602466941014,270.30561253223607,0,62.4703968593
196.16968142935528,271.1376095865912,0,63.3353100566
196.5823194074074,271.9593100370371,0,64.2543893105
196.97353773113855,272.7705483825447,0,65.2316357911
197.34293552812068,273.5711591220851,0,66.2713771643
197.69011192592592,274.36097675462963,0,67.3782839253
198.0146660521262,275.1398357791495,0,68.5573818743
198.3161970342936,275.90757069461586,0,69.8140586023
198.59430399999997,276.66401600000006,0,71.1540611713
198.84858607681753,277.40900619427293,0,72.5834813433
199.07864239231822,278.14237577640597,0,74.1087237217
199.28407207407406,278.86395924537044,0,75.7364510598
199.46447424965706,279.57359110013715,0,77.473499804
199.6194480466392,280.2711058396777,0,79.326757829
199.74859259259264,280.95633796296283,0,81.3029954919
199.85150701508917,281.62912196896434,0,83.4086409471
199.92779044170095,282.28929235665294,0,85.6494916274
199.97704199999998,282.9366836249999,0,88.0303565717
199.99886081755832,283.5711302729767,0,90.5502706213
199.9928930993751,284.19248736377835,0,93.1657218137
199.95924753909466,284.800811983539,0,95.8444903908
199.89829533409542,285.39627588450696,0,98.5757787472
199.81041069471115,285.97905213504043,0,101.347655974
199.6959678312757,286.5493138034981,0,104.147036731
199.55534095412284,287.107233958238,0,106.960016272
199.38890427358635,287.6529856676194,0,109.772263287
199.197032,288.186742,0,112.569443804
198.98009834369762,288.7086760237388,0,115.33764526
198.73847751501293,289.2189608071941,0,118.063769796
198.47254372427986,289.7177694187243,0,120.735869977
198.18267118183206,290.20527492668805,0,123.343407474
197.86923409800337,290.6816503994436,0,125.877424442
197.5326066831276,291.1470689053498,0,128.330626622
197.17316314753847,291.60170351276486,0,130.697385218
196.7912777015699,292.0457272900471,0,132.973670353
196.38732455555552,292.4793133055556,0,135.1569321
195.9616779198293,292.90263462764835,0,137.245945861
195.5147120047249,293.31586432468373,0,139.240637767
195.0468010205761,293.7191754650206,0,141.141903436
194.55831917771678,294.1127411170173,0,142.951430537
194.04964068648076,294.4967343490322,0,144.67153258
193.52113975720164,294.87132822942385,0,146.304998684
192.9731906002134,295.2366958265508,0,147.854961757
192.40616742584973,295.5930102087716,0,149.324785817
191.82044444444446,295.94044444444444,0,150.717971929
191.2163958663314,296.27917160192794,0,152.038081433
190.59439590184422,296.6093647495809,0,153.288674686
189.95481876131686,296.9311969557614,0,154.473263322
189.29803865508308,297.24484128882796,0,155.595274057
188.62442979347662,297.55047081713917,0,156.658022134
187.9343663868313,297.8482586090536,0,157.664692677
187.2282226454809,298.1383777329295,0,158.618328454
186.50637277975918,298.42100125712534,0,159.521822712
185.76919100000003,298.6963022499999,0,160.37791599
185.01705151653712,298.96445377991154,0,161.189195986
184.25032853970433,299.22562891521864,0,161.95809971
183.46939627983542,299.4800007242799,0,162.686917327
182.67462894726413,299.72774227545347,0,163.377797181
181.86640075232438,299.96902663709795,0,164.03275163
181.04508590534982,300.204026877572,0,164.653663369
180.21105861667428,300.4329160652338,0,165.242292028
179.36469309663167,300.6558672684422,0,165.800280845
178.50636355555557,300.87305355555554,0,166.329163298
177.6364442037799,301.0846479949322,0,166.830369591
176.75530925163852,301.2908236549306,0,167.30523292
175.86333290946504,301.4917536039095,0,167.754995479
174.9608893875933,301.68761091022714,0,168.180814174
174.04835289635727,301.87856864224204,0,168.583766018
173.1260976460905,302.0647998683128,0,168.964853216
172.19449784712702,302.24647765679765,0,169.325007917
171.2539277098004,302.42377507605545,0,169.665096664
170.30476144444444,302.5968651944444,0,169.985924527
169.34737326139313,302.765921080323,0,170.28823894
168.38213737098002,302.93111580205004,0,170.572733261
167.40942798353908,303.09262242798354,0,170.840050052
166.4296193094041,303.25061402648225,0,171.090784117
165.44308555890873,303.4052636659046,0,171.325485282
164.45020094238694,303.55674441460906,0,171.544660961
163.45133967017227,303.70522934095413,0,171.748778501
162.44687595259867,303.8508915132983,0,171.938267325
161.4371840000001,303.99390399999993,0,172.113520889
160.42263802270998,304.13443986941763,0,172.27489846
159.40361223106237,304.27267218991017,0,172.422726726
158.38048083539098,304.4087740298354,0,172.557301243
157.35361804602957,304.5429184575522,0,172.678887744
156.32339807331192,304.67527854141895,0,172.787723296
155.29019512757205,304.80602734979425,0,172.884017331
154.25438341914344,304.93533795103644,0,172.967952541
153.21633715836006,305.0633834135042,0,173.039685659
152.17643055555558,305.1903368055555,0,173.099348118
151.13503782106383,305.31637119554944,0,173.147046598
150.09253316521875,305.44165965184425,0,173.182863463
149.04929079835395,305.56637524279824,0,173.206857091
148.0056849308032,305.6906910367703,0,173.2190621
146.96208977290055,305.81478010211856,0,173.219489463
145.9188795349794,305.9388155072015,0,173.208126534
144.87642842737395,306.062970320378,0,173.184936951
143.83511066041766,306.18741761000604,0,173.149860454
142.79530044444442,306.31233044444446,0,173.102812582
141.7573719897882,306.43788189205145,0,173.04368427
140.7216995067825,306.5642450211858,0,172.972341335
139.68865720576127,306.6915929002057,0,172.88862384
138.6586192970584,306.82009859746984,0,172.792345347
137.63195999100748,306.94993518133674,0,172.683292044
136.60905349794234,307.0812757201645,0,172.561221733
135.59027402819697,307.21429328231216,0,172.425862693
134.5759957921049,307.34916093613765,0,172.276912386
133.56659300000007,307.4860517500001,0,172.114036014
132.56243986221614,307.6251387922574,0,171.936864913
131.56391058908702,307.7665951312682,0,171.744994762
130.57137939094656,307.91059383539096,0,171.537983614
129.58522047812835,308.0573079729842,0,171.315349723
128.6058080609663,308.20691061240666,0,171.076569148
127.63351634979432,308.35957482201627,0,170.821073134
126.66871955494594,308.5154736701721,0,170.54824524
125.71179188675518,308.67478022523244,0,170.257418202
124.76310755555556,308.8376675555555,0,169.947870508
123.82304077168118,309.00430872950005,0,169.618822669
122.89196574546565,309.17487681542445,0,169.269433164
121.9702566872428,309.34954488168717,0,168.898794033
121.0582878073464,309.52848599664685,0,168.505926111
120.15643331611034,309.7118732286617,0,168.089773862
119.26506742386829,309.89987964609065,0,167.649199821
118.38456434095406,310.09267831729164,0,167.182978596
117.51529827770162,310.29044231062323,0,166.689790457
116.65764344444449,310.4933446944443,0,166.168214476
115.81197405151659,310.7015585371133,0,165.616721245
114.97866430925166,310.91525690698825,0,165.033665169
114.15808842798356,311.13461287242797,0,164.417276404
113.3506206180461,311.3597995017908,0,163.765652457
112.5566350897729,311.59098986343554,0,163.076749577
111.77650605349788,311.82835702572015,0,162.348374047
111.01060771955497,312.07207405700353,0,161.578173554
110.25931429827773,312.322314025644,0,160.763628912
109.52300000000002,312.5792500000001,0,159.90204644
108.80203903505566,312.8430550484302,0,158.990551449
108.09680561377837,313.11390223929277,0,158.026083398
107.40767394650209,313.3919646409465,0,157.005393438
106.73501824356038,313.6774153217499,0,155.925045265
106.07921271528727,313.97042735006085,0,154.78142041
105.44063157201651,314.2711737942386,0,153.570729369
104.81964902408168,314.5798277226414,0,152.289030259
104.21663928181681,314.8965622036276,0,150.932256991
103.63197655555564,315.2215503055554,0,149.496259303
103.0660350556318,315.55496509678403,0,147.976857228
102.51918899237927,315.8969796456713,0,146.369912846
101.99181257613168,316.24776702057613,0,144.671447549
101.48427972778535,316.6075001574835,0,142.89105271
100.99681733394311,316.97628474683734,0,141.062962198
100.52926646090538,317.3540500257201,0,139.195342431
100.08140565645476,317.74069663862224,0,137.291357574
99.65301346837373,318.1361252300336,0,135.354638973
99.24386844444439,318.5402364444444,0,133.389263863
98.85374913244931,318.95293092634506,0,131.39972058
98.48243408017072,319.37410932022556,0,129.390860352
98.12970183539096,319.80367227057616,0,127.367836462
97.79533094589249,320.2415204218868,0,125.336032373
97.47909995945741,320.687554418648,0,123.300981112
97.18078742386831,321.14167490534965,0,121.268278854
96.90017188690751,321.6037825264823,0,119.243496012
96.63703189635726,322.0737779265356,0,117.232089364
96.39114599999999,322.55156175,0,115.239318649
96.16229274561806,323.0370346413656,0,113.270170751
95.9502506809938,323.53009724512265,0,111.329294048
95.75479835390951,324.03065020576116,0,109.420944822
95.57571431214762,324.53859416777163,0,107.548946863
95.41277710349027,325.05382977564386,0,105.716664614
95.26576527572018,325.5762576738682,0,103.926989525
95.13445737661942,326.10577850693494,0,102.182338642
95.01863195397044,326.64229291933395,0,100.48466404
94.91806755555558,327.1857015555555,0,98.8354713935
94.83254272915713,327.73590506009,0,97.2358458337
94.76183602255753,328.29280407742715,0,95.6864832194
94.70572598353914,328.8562992520575,0,94.1877250613
94.66399115988412,329.4262912284713,0,92.739595491
94.63641009937504,330.00268065115836,0,91.3418388961
94.62276134979425,330.585368164609,0,89.9939570825
94.62282345892402,331.1742544133134,0,88.6952450712
94.63637497454647,331.76924004176203,0,87.4448248659
94.6631944444444,332.37022569444457,0,86.2416767403
94.70306041639998,332.97711201585116,0,85.0846677679
94.75575143819543,333.5897996504724,0,83.9725774674
94.82104605761322,334.2081892427983,0,82.9041205536
94.89872282243567,334.8321814373188,0,81.8779668708
94.98856028044509,335.4616768785245,0,80.89275865
95.09033697942391,336.09657621090537,0,79.9471252734
95.20383146715437,336.73678007895137,0,79.0396957551
95.32882229141899,337.38218912715286,0,78.1691091583
95.46508799999998,338.0327040000001,0,77.3340231706
95.6124071406798,338.68822534198296,0,76.5331210549
95.7705582612407,339.34865379759185,0,75.7651171787
95.93931990946504,340.0138900113169,0,75.0287613137
96.11847063313513,340.68383462764825,0,74.3228418801
96.30778898003359,341.35838829107615,0,73.6461882925
96.50705349794231,342.0374516460905,0,72.9976725479
96.71604273464402,342.72092533718194,0,72.3762101808
96.93453523792101,343.4087100088401,0,71.7807606932
97.16230955555557,344.1007063055556,0,71.2103275546
97.39914423532997,344.79681487181836,0,70.6639578539
97.64481782502668,345.4969363521185,0,70.1407416727
97.89910887242797,346.2009713909465,0,69.6398112402
98.16179592531631,346.9088206327922,0,69.1603399196
98.43265753147386,347.620384722146,0,68.7015410696
98.71147223868309,348.335564303498,0,68.2626668156
98.99801859472643,349.0542600213382,0,67.8430067605
99.29207514738607,349.776372520157,0,67.44188666
99.5934204444444,350.50180244444437,0,67.058667082
99.90183303368389,351.2304504386907,0,66.6927420659
100.21709146288674,351.962217147386,0,66.3435377969
100.53897427983543,352.69700321502046,0,66.0105113026
100.86726003231212,353.4347092860843,0,65.6931491828
101.20172726809932,354.17523600506786,0,65.3909663778
101.54215453497943,354.91848401646087,0,65.1035049795
101.88832038073463,355.6643539647538,0,64.8303330891
102.24000335314736,356.4127464944369,0,64.5710437244
102.59698200000003,357.16356225000004,0,64.3252537772
102.95903486907486,357.91670187593354,0,64.0926030223
103.3259405081543,358.6720660167276,0,63.8727531779
103.69747746502054,359.42955531687244,0,63.6653870179
104.07342428745619,360.189070420858,0,63.4702075349
104.45355952324343,360.9505119731748,0,63.2869371534
104.83766172016459,361.71378061831274,0,63.1153169924
105.22550942600208,362.4787770007621,0,62.9551061762
105.61688118853834,363.24540176501307,0,62.8060811916
106.01155555555556,364.0135555555555,0,62.6680352916
106.40931107483618,364.78313901688,0,62.540777943
106.8099262941625,365.55405279347656,0,62.4241343169
107.21317976131684,366.3261975298353,0,62.3179448222
107.61885002408172,367.09947387044656,0,62.2220646786
108.02671563023932,367.8737824598003,0,62.1363635301
108.43655512757192,368.64902394238686,0,62.0607250962
108.84814706386226,369.4250989626961,0,61.9950468622
109.26126998689222,370.2019081652187,0,61.939239804
109.67570244444443,370.97935219444446,0,61.8932281505
110.09122298430117,371.7573316948635,0,61.8569491803
110.50761015424479,372.53574731096637,0,61.8303530531
110.92464250205762,373.3144996872427,0,61.8134026751
111.34209857552202,374.09348946818307,0,61.8060735975
111.75975692242037,374.87261729827765,0,61.8083539486
112.17739609053496,375.65178382201645,0,61.8202443992
112.59479462764824,376.43088968388963,0,61.8417581595
113.0117310815424,377.20983552838743,0,61.8729210105
113.42798399999998,377.9885220000001,0,61.9137713668
113.84333193080317,378.76684974321756,0,61.9643603731
114.25755342173449,379.54471940253006,0,62.0247520344
114.67042702057614,380.32203162242797,0,62.0950233785
115.08173127511043,381.0986870474013,0,62.1752646544
115.49124473311997,381.8745863219402,0,62.2655795636
115.89874594238682,382.64963009053497,0,62.3660855282
116.3040134506935,383.4237189976757,0,62.476913994
116.70682580582235,384.1967536878525,0,62.5982107713
117.10696155555559,384.96863480555544,0,62.7301364124
117.50419924767567,385.739262995275,0,62.872866629
117.898317429965,386.5085389015012,0,63.0265927482
118.28909465020581,387.2763631687242,0,63.1915222103
118.67630945618049,388.0426364414343,0,63.3678791075
119.05974039567138,388.80725936412125,0,63.5559047664
119.43916601646089,389.57013258127563,0,63.7558583737
119.81436486633135,390.3311567373876,0,63.9680176479
120.18511549306504,391.0902324769471,0,64.1926795561
120.55119644444443,391.8472604444444,0,64.4301610789
120.91238626825185,392.60214128436974,0,64.6808000216
121.26846351226948,393.3547756412132,0,64.944955875
121.61920672427988,394.105064159465,0,65.2230107232
121.96439445206522,394.85290748361524,0,65.5153702006
122.30380524340796,395.5982062581543,0,65.8224644956
122.63721764609056,396.340861127572,0,66.1447494017
122.96441020789513,397.08077273635865,0,66.4827074114
123.28516147660412,397.8178417290047,0,66.8368488532
123.59924999999998,398.55196875,0,67.2077130646
123.9064543258649,399.28305444383477,0,67.5958695987
124.20655300198138,400.01099945499925,0,68.0019194551
124.49932457613164,400.7357044279836,0,68.4264963279
124.78454759609815,401.45707000727793,0,68.8702678589
125.06200060966313,402.1749968373723,0,69.3339368831
125.33146216460904,402.8893855627572,0,69.8182426482
125.59271080871821,403.6001368279225,0,70.3239619891
125.84552508977288,404.3071512773587,0,70.8519104312
126.08968355555555,405.0103295555555,0,71.4029431924
126.32496475384846,405.70957230700355,0,71.9779560488
126.55114723243412,406.4047801761926,0,72.5778860202
126.76800953909463,407.095853807613,0,73.2037118254
126.97533022161252,407.7826938457554,0,73.8564540478
127.17288782777018,408.4652009351088,0,74.5371749424
127.36046090534978,409.1432757201645,0,75.2469778034
127.53782800213384,409.8168188454122,0,75.9870057995
127.70476766590451,410.4857309553422,0,76.7584401723
127.86105844444444,411.14991269444454,0,77.5624976759
128.00647888553578,411.8092647072092,0,78.4004271239
128.14080753696084,412.46368763812677,0,79.2735048917
128.26382294650205,413.1130821316873,0,80.1830292105
128.37530366194176,413.75734883238056,0,81.1303130706
128.47502823106237,414.3963883846974,0,82.1166755453
128.5627752016461,415.0301014331276,0,83.143431332
128.6383231214753,415.6583886221613,0,84.2118783105
128.70145053833255,416.28115059628874,0,85.3232829172
128.751936,416.8982880000001,0,86.478863152
128.78955805426,417.50970147778537,0,87.6797690602
128.814095248895,418.11529167413505,0,88.9270605778
128.82532613168723,418.71495923353905,0,90.2216826897
128.82302925041915,419.30860480048773,0,91.56443794
128.80698315287304,419.8961290194711,0,92.9559564449
128.7769663868313,420.47743253497936,0,94.396663701
128.73275750007622,421.0524159915028,0,95.8867466473
128.67413504039018,421.6209800335315,0,97.4261186382
128.6008775555556,422.1830253055555,0,99.0143841908
128.51276359335463,422.7384524520653,0,100.650804597
128.40957170156992,423.28716211755057,0,102.334265707
128.29108042798356,423.82905494650197,0,104.063249377
128.15706832037802,424.36403158340954,0,105.835810224
128.00731392653563,424.8919926727633,0,107.649559403
127.84159579423869,425.4128388590534,0,109.501657073
127.65969247126964,425.9264707867703,0,111.388815094
127.46138250541077,426.43278910040385,0,113.307311195
127.24644444444442,426.93169444444436,0,115.253015408
127.014656836153,427.4230874633822,0,117.221429058
126.76579822831883,427.9068688017071,0,119.207735897
126.49964716872432,428.3829391039095,0,121.206864311
126.21598220515159,428.85119901447956,0,123.213558822
125.91458188538331,429.3115491779073,0,125.222458498
125.5952247572016,429.7638902386832,0,127.228179407
125.25768936838892,430.20812284129715,0,129.225397977
124.90175426672766,430.64414763023933,0,131.208932038
124.527198,431.07186525,0,133.173816504
124.13379911598844,431.49117634506933,0,135.115371034
123.72133616247521,431.90198155993755,0,137.029257513
123.28958768724283,432.30418153909454,0,138.911525922
122.83833223807346,432.6976769270309,0,140.758647775
122.36734836274957,433.08236836823653,0,142.567537077
121.87641460905354,433.4581565072017,0,144.335559286
121.36530952476761,433.8249419884164,0,146.060529322
120.83381165767412,434.18262545637094,0,147.740699998
120.28169955555558,434.53110755555554,0,149.374742481
119.70875176619415,434.8702889304602,0,150.961720505
119.11474683737231,435.2000702255755,0,152.501060008
118.4994633168725,435.52035208539087,0,153.99251579
117.86267975247677,435.8310351543971,0,155.436136607
117.20417469196764,436.13202007708423,0,156.832229905
116.52372668312762,436.42320749794226,0,158.18132719
115.82111427373871,436.70449806146166,0,159.484150812
115.09611601158366,436.97579241213225,0,160.741582708
114.34851044444446,437.2369911944445,0,161.954635511
113.57807612010367,437.4879950528882,0,163.124426234
112.7845915863436,437.72870463195386,0,164.252152628
111.9678353909465,437.9590205761317,0,165.339072228
111.12758608169486,438.17884352991155,0,166.386483978
110.263622206371,438.38807413778386,0,167.395712332
109.37572231275715,438.5866130442387,0,168.36809363
108.46366494863594,438.77436089376624,0,169.304964583
107.52722866178937,438.9512183308566,0,170.20765265
106.566192,439.117086,0,171.077468101
105.58033351105024,439.27186454568664,0,171.915697591
104.5694317427222,439.4154546124066,0,172.723599027
103.53326524279834,439.54775684465017,0,173.502397581
102.47161255906116,439.66867188690753,0,174.25328268
101.38425223929283,439.7781003836685,0,174.977405821
100.27096283127582,439.8759429794238,0,175.675879098
99.1315228827923,439.96210031866326,0,176.349774318
97.9657109416247,440.0364730458771,0,177.000122606
96.77330555555562,440.09896180555563,0,177.627914414
95.55408527236705,440.14946724218885,0,178.234099861
94.30782863984143,440.18789000026675,0,178.819589338
93.0343142057614,440.2141307242797,0,179.385254314
91.73332051790885,440.2280900587182,0,179.931928316
90.40462612406645,440.229668648072,0,180.46040802
89.0480095720165,440.2187671368313,0,180.971454439
87.66324940954121,440.1952861694863,0,181.465794168
86.25012418442321,440.15912639052726,0,181.944120672
84.80841244444446,440.1101884444445,0,182.407095587
83.33789273738756,440.0483729757277,0,182.855350034
81.83834361103499,439.9735806288676,0,183.289485917
80.30954361316878,439.88571204835387,0,183.710077209
78.75127129157136,439.78466787867706,0,184.11767121
77.16330519402538,439.67034876432706,0,184.512789775
75.54542386831281,439.54265534979425,0,184.895930503
73.89740586221626,439.40148827956864,0,185.267567893
72.21902972351779,439.2467481981405,0,185.628154449
70.51007400000003,439.07833574999995,0,185.978121751
68.77031723944532,438.89615157963726,0,186.31788148
66.99953798963577,438.70009633154245,0,186.647826397
65.1975147983539,438.4900706502058,0,186.968331277
63.3640262133822,438.2659751801174,0,187.279753809
61.4988507825027,438.0277105657674,0,187.582435442
59.601767053497895,437.7751774516461,0,187.876702198
57.672553574150356,437.50827648224356,0,188.162865444
55.71098889224203,437.22690830205,0,188.441222626
53.71685155555571,436.9309735555555,0,188.712057959
51.68992011187328,436.6203728872505,0,188.975643093
49.62997310897731,436.2950069416247,0,189.232237739
47.53678909465037,435.95477636316866,0,189.482090259
45.41014661667435,435.5995817963725,0,189.725438234
43.249824222831876,435.2293238857262,0,189.962508994
41.055600460905396,434.8439032757202,0,190.193520125
38.82725387867703,434.4432206108444,0,190.418679946
36.56456302392945,434.0271765355891,0,190.638187967
34.2673064444445,433.5956716944445,0,190.852235313
31.935262688004798,433.1486067319006,0,191.061005134
29.56821030239314,432.6858822924478,0,191.264672992
27.165927835391017,432.2073990205761,0,191.46340722
24.728193834781223,431.71305756077584,0,191.657369274
22.25478684834644,431.202758557537,0,191.846714058
19.745485423868388,430.67640265534976,0,192.031590234
17.20006810912963,430.13389049870443,0,192.212140515
14.618313451912968,429.57512273209113,0,192.388501945
12.0,429.0,0,192.388501945
Town_control,vehicle.lincoln.mkz201,no_obstacle